title,heading,content,tokens,context,questions,answers,embedding_vector
2020年夏季奥林匹克运动会奖牌榜,Summary,"2020年夏季奥林匹克运动会是2021年7月23日至8月8日在日本首都东京都举办的夏季綜合運動會。本届奥林匹克运动会中，百慕大、菲律宾和卡塔爾奪得歷史上首面奥林匹克运动会金牌，而土庫曼斯坦、聖馬力諾和布基納法索則奪得首面奧林匹克運動會獎牌。該屆奧運約5000枚的金、銀、銅獎牌都使用100%的回收電子產品製造而成。
受2019冠状病毒病疫情影响，所有得獎运动員在颁奖仪式上需自行佩戴奖牌或由队友为自己佩戴奖牌。
最終，美国代表團以39枚金牌、113枚獎牌，坐擁金牌榜和獎牌榜首位；中国代表团以38枚金牌、89枚獎牌排名第二，金牌总数排名平了2012年伦敦奥运会上该国境外参赛的最佳纪录，这是1912年以来首次出现夏季奥运奖牌榜前两名仅相差1枚金牌的情况；東道主日本代表團則拿下27枚金牌、58枚獎牌位列第三，创该国参加奥运会以来的最好成绩。",728,"2020年夏季奥林匹克运动会奖牌榜
Summary

2020年夏季奥林匹克运动会是2021年7月23日至8月8日在日本首都东京都举办的夏季綜合運動會。本届奥林匹克运动会中，百慕大、菲律宾和卡塔爾奪得歷史上首面奥林匹克运动会金牌，而土庫曼斯坦、聖馬力諾和布基納法索則奪得首面奧林匹克運動會獎牌。該屆奧運約5000枚的金、銀、銅獎牌都使用100%的回收電子產品製造而成。
受2019冠状病毒病疫情影响，所有得獎运动員在颁奖仪式上需自行佩戴奖牌或由队友为自己佩戴奖牌。
最終，美国代表團以39枚金牌、113枚獎牌，坐擁金牌榜和獎牌榜首位；中国代表团以38枚金牌、89枚獎牌排名第二，金牌总数排名平了2012年伦敦奥运会上该国境外参赛的最佳纪录，这是1912年以来首次出现夏季奥运奖牌榜前两名仅相差1枚金牌的情况；東道主日本代表團則拿下27枚金牌、58枚獎牌位列第三，创该国参加奥运会以来的最好成绩。","1. What is the name of the event?
2. When does it take place?
3. Which country won the most gold medals?
4. Which country won the most overall medals?
5. How were the medals made?
6. Who had to wear their medals at the award ceremony?
7. What was the final medal count for the US?
8. What was the final medal count for China?
9. What was the final medal count for Japan?
10. How many gold medals did the US win?","1. The event is the 2020 Summer Olympics.
2. It takes place from July 23rd to August 8th, 2021.
3. The country that won the most gold medals was the Bahamas.
4. The country that won the most overall medals was the United States.
5. The medals were made from 100% recycled electronic products.
6. All of the medal winners had to wear their medals at the award ceremony.
7. The final medal count for the US was 39 gold medals, 113 overall medals.
8. The final medal count for China was 38 gold medals, 89 overall medals.
9. The final medal count for Japan was 27 gold medals, 58 overall medals.
10. The US won the most gold medals of any country with 39.","[-0.01201807614415884, 0.0040006088092923164, -0.008267708122730255, -0.015677446499466896, -0.02766302414238453, 0.013214034028351307, -0.028287002816796303, 0.0010765244951471686, -0.02800101228058338, -0.010724621824920177, 0.009041180834174156, 0.00813121348619461, -0.024790126830339432, -0.012174070812761784, -0.00992515031248331, -0.0036788703873753548, 0.0076762293465435505, -0.01857634447515011, -0.015755444765090942, -0.006620016414672136, -0.021111255511641502, 0.031042905524373055, -0.012570557184517384, 0.007364240474998951, -0.002788401674479246, 0.010536128655076027, 0.008150712586939335, -0.010022646747529507, 0.028494995087385178, -0.015586450695991516, 0.009184176102280617, 0.015859439969062805, -0.025453101843595505, 0.004501091316342354, -0.00798821821808815, -0.015729445964097977, -0.008462701924145222, -0.010594626888632774, 0.004393844865262508, -0.016054434701800346, 0.015716446563601494, 0.017874369397759438, 0.002131924731656909, 0.01960330829024315, -0.021631237119436264, 0.018511347472667694, 0.0171463955193758, -0.02794901467859745, -0.0026080331299453974, 0.045342400670051575, -0.0009969023521989584, 0.023217180743813515, -0.02095526084303856, -0.012174070812761784, -0.013168536126613617, -0.022151218727231026, -0.019967295229434967, 0.0007852535927668214, 0.011511093936860561, 0.012466560117900372, 0.01539145689457655, 0.019824301823973656, -0.03741268068552017, 0.008287208154797554, 0.011023611761629581, 0.0057717966847121716, -0.013584520667791367, 0.005924541037529707, -0.019681306555867195, 0.013188035227358341, 0.017588380724191666, 0.025596097111701965, 0.01933031901717186, 0.005911541637033224, 0.017913367599248886, -0.027221040800213814, -0.022515205666422844, -0.001920682261697948, 0.007923220284283161, 0.01194657851010561, 0.017458384856581688, -0.021969225257635117, 0.012798048555850983, -0.0018036863766610622, -0.011660588905215263, 0.015573451295495033, -0.004172852728515863, 0.008963184431195259, -0.013305030763149261, -0.007422738242894411, -0.0024114148691296577, 0.0008514699875377119, 0.009554662741720676, -0.006837758701294661, -0.033694811165332794, 0.02217721752822399, -0.019031329080462456, 0.021501241251826286, -0.03273284435272217, -0.0023854158353060484, 0.010783120058476925, -0.005300563294440508, -0.0005053571658208966, -0.008995682932436466, -0.02351617068052292, -0.0003294571361038834, -0.004247600212693214, -0.015573451295495033, -0.010757120326161385, 0.012752550654113293, 0.0015046969056129456, 0.012395063415169716, 0.014689481817185879, -0.04141654074192047, -0.038582637906074524, -0.026701059192419052, 0.009307672269642353, -0.011771084740757942, -0.0014811352593824267, -0.006447772495448589, 0.008995682932436466, 0.029352964833378792, 0.012616055086255074, -0.0010123392567038536, 0.017250392585992813, -0.0032628849148750305, -0.01983730122447014, 0.013870511204004288, 0.02048727683722973, 0.01234306488186121, 0.01171258743852377, 0.004231350962072611, 0.00670776329934597, 0.01896633207798004, -0.02147524245083332, 0.04081856086850166, -0.010789619758725166, 0.0021302998065948486, -0.03268084675073624, -0.003084141295403242, 0.0005496368976309896, 0.009346670471131802, -0.011075609363615513, 0.007741227280348539, 0.0016476919408887625, 0.032342858612537384, 0.011784084141254425, 0.00454333983361721, 0.026909051463007927, 0.023490171879529953, 0.023724162951111794, 0.012921544723212719, 0.01817335933446884, 0.027091044932603836, 0.015573451295495033, -0.024283144623041153, 0.004419844131916761, 0.024348141625523567, -0.02259320393204689, -0.017055397853255272, 0.009073680266737938, 0.0021010509226471186, 0.005164067726582289, -0.026051081717014313, -0.00607728585600853, 0.019460313022136688, 0.024257143959403038, 0.0009936525020748377, 0.029820948839187622, 0.0065095205791294575, 0.005859543569386005, 0.003171888180077076, -0.03083491325378418, 0.018186358734965324, 0.019031329080462456, 0.038816630840301514, -0.001521758851595223, 0.014312495477497578, -0.026285072788596153, -0.0227751974016428, -0.020669272169470787, -0.01248606014996767, 0.03665870800614357, 0.0020409279968589544, -0.005866043269634247, -0.00948316603899002, 0.007071750704199076, 0.0017468134174123406, 0.02492012083530426, -0.0020133040379732847, 0.012258567847311497, 0.024985119700431824, 0.005690549500286579, 0.005128319375216961, -0.6065066456794739, -0.00887218676507473, -0.0001741735468385741, 0.007643730379641056, 0.0367887020111084, 0.02473812736570835, 0.027377035468816757, 0.031146902590990067, -0.021046258509159088, -0.04055856913328171, -0.004891077522188425, 0.0019044328946620226, 0.003428629133850336, -0.015066469088196754, -0.0037796166725456715, -0.028442997485399246, 0.006301527842879295, 0.013805513270199299, 0.0027412783820182085, 0.002102675847709179, -0.014286496676504612, 0.009548163041472435, -0.011186105199158192, 0.0014388867421075702, 0.008833188563585281, -0.001998679479584098, 0.00760473171249032, -0.04643436148762703, -0.010133142583072186, 0.026441067457199097, -0.01450748834758997, 0.01783537119626999, -0.010503629222512245, 0.005294063128530979, 0.05020422860980034, -0.021553240716457367, -0.03465677797794342, 0.047630321234464645, 0.01131610106676817, 0.03478677198290825, 0.014481489546597004, 0.0004797643341589719, -0.004907326772809029, -0.014780478551983833, 0.015638448297977448, 0.018888333812355995, -0.012434061616659164, -0.006301527842879295, 0.005645051132887602, -0.013545522466301918, -0.00670776329934597, -0.020097291097044945, -0.00030467676697298884, -0.018134361132979393, 0.0010667749447748065, 0.011803584173321724, 0.014286496676504612, -0.01601543463766575, 0.01756238006055355, -0.01066612359136343, 0.002968770219013095, 0.02664905972778797, -0.004917076788842678, -0.025141114369034767, -0.004462092649191618, -0.010724621824920177, -0.030912909656763077, -0.002198547590523958, 0.03023693338036537, 0.0018231857102364302, -0.007156247738748789, 0.022983189672231674, 0.007715228013694286, -0.001974305370822549, 0.024985119700431824, 0.0016176304779946804, 0.026285072788596153, -0.013753514736890793, -0.02580408938229084, 0.020617272704839706, 0.001906057819724083, -0.007344740908592939, 0.0024617882445454597, 0.002398415468633175, -0.0013373278779909015, -0.02930096723139286, -0.03400680050253868, 0.009821154177188873, 0.0203572828322649, 0.0085731977596879, 0.009541663341224194, 0.02017528936266899, 0.019304320216178894, 0.004621337167918682, -0.02124125137925148, 0.015170465223491192, -0.029586955904960632, -0.012694052420556545, -0.009541663341224194, -0.02362016774713993, -0.0020311784464865923, 0.007000253070145845, 0.003438378684222698, -0.011335600167512894, 0.005141318775713444, 0.028572993353009224, -0.008417203091084957, -0.0053655607625842094, 0.04201451689004898, -0.00863819569349289, -0.009990147314965725, -0.0012243943056091666, -0.0029346465598791838, 0.0023317928425967693, 0.008332706056535244, -0.014039505273103714, 0.017302390187978745, 0.008072715252637863, 0.003251510439440608, 0.0003028486971743405, 0.034396786242723465, 0.002643781714141369, 0.039934590458869934, -0.015339459292590618, 0.016574416309595108, 0.027169041335582733, 0.005469557363539934, -0.02655806392431259, 0.011309601366519928, -0.017627378925681114, -0.01570344716310501, -0.0010302136652171612, 0.024764126166701317, -0.003275884548202157, 0.02040928043425083, -0.009606661275029182, -0.016132431104779243, 0.0029346465598791838, 0.026532065123319626, -0.02128024958074093, -0.00915167760103941, -0.0007499110652133822, -0.005177067592740059, -0.024673130363225937, -0.022489206865429878, -0.03249885514378548, -0.01938231661915779, 0.00024455387028865516, -0.006675264798104763, 0.0033230078406631947, -0.0018508097855374217, -0.006204031407833099, -0.01187508087605238, -0.012609555386006832, -0.01569044589996338, 0.0021855479571968317, 0.0009660284267738461, -0.03543674945831299, -0.032758843153715134, 0.0019921797793358564, 0.001920682261697948, -0.020981259644031525, -0.0036171225365251303, -0.017354387789964676, -0.005073070991784334, -0.011790583841502666, -0.011673588305711746, 0.006629766430705786, -0.021046258509159088, -0.038400646299123764, -0.007936220616102219, 0.0024374141357839108, -0.0030857662204653025, 0.013077538460493088, 0.008774690330028534, -0.010016147047281265, -0.01970730535686016, -0.0068052602000534534, 0.005281063728034496, -0.009671659208834171, 0.014637484215199947, -0.02841699868440628, -0.029092974960803986, -0.020903263241052628, -0.003610622603446245, 0.002162798773497343, 0.012401563115417957, 0.007611231412738562, -0.012609555386006832, 0.002260295208543539, -0.01299304235726595, 0.02529710717499256, 0.006210531108081341, -0.006252779625356197, 0.006295028142631054, 0.01164758950471878, 0.018277356401085854, 0.0015485703479498625, 0.009574162773787975, 0.008209210820496082, 0.02044827863574028, 0.0021059256978332996, -0.029144972562789917, 0.0030467675533145666, 0.032628849148750305, -0.008599196560680866, 0.007195246405899525, -0.016899405047297478, 0.01728939078748226, 0.01682140678167343, 0.016054434701800346, -0.017406385391950607, -0.028079010546207428, 0.00043426593765616417, -0.02486812323331833, 0.024608131498098373, -0.009645659476518631, 0.018017364665865898, -5.9665864682756364e-05, -0.0027169042732566595, -0.009138678200542927, -0.007344740908592939, 0.014078503474593163, -0.03112090192735195, -0.017133396118879318, 0.017588380724191666, -0.00973665714263916, 0.022905193269252777, 0.023321177810430527, 0.01220006961375475, -0.032758843153715134, -0.0307829137891531, 0.0020214286632835865, 0.01626242697238922, -0.013584520667791367, -0.05077620968222618, 0.018199358135461807, -0.018277356401085854, 0.02645406685769558, 0.012850047089159489, 0.02026628516614437, -0.012024575844407082, 0.019824301823973656, -0.0010700247948989272, 0.005947290454059839, -0.01826435513794422, 0.028390999883413315, 0.015027469955384731, -0.030730916187167168, 0.015755444765090942, -0.028676988556981087, -0.007786725647747517, -0.04724033549427986, 0.018654342740774155, 0.010237138718366623, -0.030704917386174202, 0.017393385991454124, -0.0013657642994076014, 0.004764331970363855, 0.023698164150118828, 0.0012284567346796393, 0.02142324484884739, 0.02250220626592636, 0.018849335610866547, 0.009327171370387077, 0.0021043007727712393, -0.008423702791333199, -0.022008223459124565, -0.006347026210278273, -0.0007645355653949082, 0.003688619937747717, -0.0011463970877230167, 0.011732086539268494, -0.0018004365265369415, 0.012687552720308304, -0.0035423750523477793, -0.006161782890558243, 0.004910577088594437, 0.018277356401085854, 0.017874369397759438, -0.038972627371549606, -0.03478677198290825, -0.02156624011695385, 0.025258108973503113, 0.004640836268663406, -0.0319528728723526, -0.005216066259890795, 0.0031393892131745815, -0.03408479690551758, 0.008963184431195259, -0.004016858525574207, 0.013123037293553352, -0.015222462825477123, -0.009873151779174805, -0.01329853106290102, 0.009099679067730904, 0.01965530775487423, -0.0005496368976309896, -0.039804596453905106, -0.01970730535686016, -0.015781443566083908, -0.008729192428290844, 0.03541075065732002, -0.03842664510011673, 0.04201451689004898, 0.00310364062897861, -0.016223428770899773, 0.009977147914469242, 0.003457878017798066, -0.011745085939764977, 0.014299496077001095, -0.018524346873164177, -0.021969225257635117, -0.002635657088831067, 0.004462092649191618, 0.007383739575743675, -0.007981718517839909, 0.007422738242894411, -0.005004823673516512, -0.024478137493133545, -0.03431878983974457, -0.014104502275586128, -0.036450713872909546, -0.014286496676504612, 0.08012917637825012, 0.0069612544029951096, -0.009684658609330654, 0.007422738242894411, 0.004393844865262508, 0.023204181343317032, -0.0027705272659659386, -0.008807189762592316, 0.007403239142149687, 0.03130289539694786, -0.008397703990340233, 0.0017890619346871972, -0.006844258867204189, 0.017354387789964676, 0.014143501408398151, 0.0163924228399992, 0.0005756359314545989, -0.010074644349515438, 0.029872946441173553, 0.03741268068552017, -0.0010204639984294772, -0.004328847397118807, 0.012570557184517384, 0.03125089779496193, -0.012798048555850983, -0.02105925790965557, 0.01788736879825592, 0.010867617093026638, 0.01667841151356697, -0.013194534927606583, 0.013363528996706009, -0.009450666606426239, -1.4269027815316804e-05, -0.00784522294998169, -0.011082109063863754, 0.009860152378678322, 0.013493523932993412, 0.019200323149561882, 0.04011658579111099, 0.007006752770394087, 0.03850464150309563, 0.011400598101317883, 0.005128319375216961, -0.004055857192724943, 0.003392880316823721, 0.0059440406039357185, 0.012382063083350658, 0.02520611137151718, 0.004712333902716637, 0.001245518564246595, 0.02482912503182888, 0.0026584062725305557, -0.04266449436545372, -0.008670694194734097, -0.015729445964097977, 0.011010611429810524, -0.03970060124993324, -0.018615344539284706, -0.0005784796085208654, -0.012005076743662357, -0.00030569234513677657, -0.029846947640180588, 0.00912567786872387, -0.01194657851010561, -0.015638448297977448, -0.025700094178318977, 0.0009091554675251245, -0.020526276901364326, -0.012427561916410923, -0.02488112263381481, 0.006314527243375778, -0.014091502875089645, 0.0006556643638759851, -0.017159394919872284, 0.028261004015803337, -0.003763367421925068, 0.034396786242723465, -0.02436114102602005, 0.006005788221955299, 0.0109911123290658, -0.001251205918379128, -0.00645102234557271, -0.020201288163661957, -0.028988977894186974, -0.011563092470169067, 0.026701059192419052, 0.02333417721092701, -0.022983189672231674, 0.002640531864017248, 0.019486313685774803, 0.011329100467264652, -0.01565144769847393, 0.014026505872607231, 0.03322682902216911, 0.00328888394869864, 0.013974507339298725, 0.016366422176361084, 0.014572486281394958, 0.004462092649191618, -0.008007717318832874, 0.01682140678167343, -0.013389527797698975, -0.01858934387564659, 0.013597520999610424, 0.0066330162808299065, 0.011953078210353851, 0.017133396118879318, -0.006733762566000223, -0.010380133986473083, -0.01094561442732811, 0.009860152378678322, -0.027871016412973404, 0.017250392585992813, -0.009996647946536541, -0.006603767164051533, 0.020617272704839706, -0.0027754020411521196, 0.03782866522669792, -0.0010627125157043338, 0.00716274743899703, -0.0227751974016428, -0.006366525311022997, 0.012980042025446892, 0.03236885741353035, -0.0009010307257995009, 0.007468236610293388, -0.027091044932603836, -0.009814653545618057, -0.006831259001046419, 0.00026222513406537473, 0.0015794442733749747, 0.028520993888378143, -0.0006117909215390682, -0.0006430710782296956, -0.012954043224453926, 0.017302390187978745, -0.0029541458934545517, 0.010880616493523121, 0.01853734627366066, 0.009756156243383884, -0.005836794152855873, -0.020695270970463753, 0.02338617481291294, 0.009678158909082413, 0.0307829137891531, -0.019499313086271286, 0.0029866446275264025, -0.012733050622045994, 0.0009002182632684708, 0.00130970380268991, 0.0163534227758646, -0.0038641137070953846, -0.026376070454716682, 0.014013505540788174, -0.015404457226395607, -0.0042573497630655766, -0.031172901391983032, -0.018849335610866547, -0.00017447822028771043, 0.03000294230878353, 0.014143501408398151, -0.014546487480401993, 0.0012252067681401968, 0.005784796085208654, -0.004153353627771139, -0.0013511398574337363, -0.03182287886738777, -0.006233280058950186, 0.0010180266108363867, -0.019863300025463104, 0.0044815922155976295, 0.012934544123709202, -0.023737162351608276, -0.011465596035122871, -0.020877264440059662, 0.005004823673516512, -0.009210174903273582, -0.009671659208834171, -0.012700552120804787, -0.03348682075738907, 0.014091502875089645, -0.02128024958074093, -0.01444249041378498, -0.00016178336227312684, -0.028157006949186325, -0.02059127390384674, 0.039804596453905106, -0.0007084750104695559, 0.021410245448350906, -0.004260599613189697, -0.014858475886285305, -0.025869088247418404, 0.02603808231651783, -0.0066817644983530045, -0.017874369397759438, 0.029976943507790565, -0.014494488947093487, -0.029144972562789917, 0.015248462557792664, 0.00863819569349289, 0.006454272661358118, 0.01341552659869194, 0.004991823807358742, -0.004803330637514591, 0.0018979330779984593, 0.036034729331731796, -0.047630321234464645, -0.010633625090122223, -0.011855581775307655, -0.029794950038194656, -0.01900533027946949, -0.011342099867761135, 0.009827653877437115, -0.04094855487346649, -0.010542628355324268, 0.0065095205791294575, -0.014520487748086452, 0.013188035227358341, -0.014715481549501419, 9.668408893048763e-05, -0.004302848130464554, 0.009210174903273582, 0.021137254312634468, -0.0141824996098876, 0.003565124236047268, 0.012304065749049187, 0.006005788221955299, -0.0183943510055542, -0.06863757967948914, 0.007065251003950834, -0.005833544302731752, 0.03299283608794212, 0.021371247246861458, -0.041754528880119324, -0.005583303049206734, 0.013935508206486702, -0.011894580908119678, -0.02553110010921955, -0.0066330162808299065, 0.018784338608384132, 0.010861117392778397, 0.019876299425959587, -0.001581069198437035, -0.025323107838630676, 0.018810337409377098, 0.018511347472667694, -0.03008093871176243, -0.01700340025126934, -0.015066469088196754, -0.023698164150118828, 0.003636621870100498, 0.031276896595954895, -0.009405168704688549, 0.01329853106290102, 0.006005788221955299, -0.047812312841415405, -0.00187193404417485, -0.02627207338809967, -0.010828617960214615, 0.004783831536769867, -0.00887218676507473, 0.012278066948056221, 0.011465596035122871, -0.01988929882645607, 0.01292804442346096, 0.015560450963675976, 0.013701517134904861, -0.008553698658943176, -0.010516629554331303, 0.047110337764024734, -0.023828160017728806, 0.008449702523648739, 0.01988929882645607, 0.03936261311173439, 0.013389527797698975, 0.011849082075059414, 0.0039518605917692184, 0.0015794442733749747, -0.005895291920751333, 0.010503629222512245, 0.003084141295403242, 0.0149754723533988, 0.004065606743097305, -0.01992829702794552, -0.008098714053630829, -0.01817335933446884, -0.01933031901717186, -0.018459349870681763, 0.018615344539284706, -0.024491136893630028, -0.00843020249158144, -0.003994109109044075, -0.015586450695991516, 0.012921544723212719, -0.0049463254399597645, 0.005502055864781141, 0.007513734977692366, 0.006909256335347891, -0.023724162951111794, -0.0034188793506473303, 0.020760267972946167, 0.01073762122541666, -0.007715228013694286, -0.021670235320925713, -0.012070074677467346, -0.01723739132285118, 0.01723739132285118, 0.010900115594267845, -0.016093432903289795, -0.011355099268257618, 0.017107397317886353, -0.00022403897310141474, 0.009632660076022148, 0.010562127456068993, 0.05735397711396217, -0.02142324484884739, -0.009093179367482662, -0.003212511772289872, -0.024959120899438858, 0.015521452762186527, -0.01234306488186121, 0.00011476157669676468, 0.0033766308333724737, -0.02906697429716587, 0.047162335366010666, -0.020136289298534393, 0.001881683710962534, 0.017432386055588722, -0.02677905559539795, -0.03660671040415764, 0.015157465822994709, 0.014676482416689396, -0.00868369359523058, -0.010978112928569317, -0.02906697429716587, 0.017770374193787575, -0.005375310312956572, 0.016964402049779892, -2.5377035854035057e-05, 0.007637230679392815, 0.035462748259305954, 0.021345246583223343, 0.03083491325378418, 0.00963915977627039, 0.0011658964212983847, -0.02398415468633175, 0.019317319616675377, -0.011218604631721973, -0.02576509118080139, -0.017575379461050034, -0.019213322550058365, 0.017991365864872932, 0.008599196560680866, -0.016548415645956993, -0.01727639138698578, 0.003841364523395896, -0.0048000807873904705, -0.01602843403816223, 0.006662264931946993, 0.03101690672338009, 0.010159141384065151, 0.020994259044528008, 0.014039505273103714, 0.013831512071192265, -0.017523381859064102, 0.011394098401069641, -0.005349311511963606, 0.01539145689457655, 0.04009058699011803, -0.018316354602575302, -0.014663483016192913, -0.0025527849793434143, -0.03702269494533539, 0.010906615294516087, 0.0033035085070878267, 0.012174070812761784, 0.004091605544090271, 0.015105467289686203, 0.010029146447777748, 0.0002309449773747474, -0.027221040800213814, -0.008495200425386429, -0.0060155377723276615, 0.014780478551983833, -0.011056110262870789, -0.0392066165804863, -0.008547198958694935, 0.010575126856565475, 0.013792513869702816, -0.0046505858190357685, 0.003431878983974457, 0.00485532870516181, -0.009678158909082413, 0.01756238006055355, 0.006688264198601246, -0.003275884548202157, -0.0117645850405097, -0.023178182542324066, 0.022372210398316383, -0.008911185897886753, -0.024803126230835915, 0.0283649992197752, 0.023997154086828232, -0.011953078210353851, -0.00316051347181201, -0.004943075589835644, -0.023542169481515884, -0.016873404383659363, 0.0028241504915058613, 0.006857258267700672, 0.01788736879825592, -0.0018573094857856631, 0.019681306555867195, -0.0013218908570706844, -0.0183943510055542, 0.011595590971410275, -0.02776702120900154, -0.05454607680439949, 0.026909051463007927, 0.00512506952509284, -0.024959120899438858, 0.007734727114439011, 0.0037861166056245565, -0.04765632003545761, 0.02217721752822399, -0.008794190362095833, -0.010061644949018955, -0.0351247601211071, -0.022762198001146317, 0.00021002384892199188, -0.016171429306268692, 0.008137713186442852, -0.018238356336951256, 0.005667800083756447, -0.013084039092063904, -0.003756867488846183, 0.27475830912590027, -0.02319118194282055, -0.005378560163080692, 0.029742950573563576, -0.0033018835820257664, 0.014884475618600845, 0.030444925650954247, 0.0025446603540331125, -0.01868034154176712, 0.01069212332367897, -0.013805513270199299, -0.004416594281792641, -0.009184176102280617, -0.006870257668197155, 0.01047763042151928, -0.015820441767573357, -0.02003229409456253, -0.026233075186610222, -0.039388611912727356, 0.00989915058016777, 0.004783831536769867, 0.027559028938412666, -0.004965825006365776, -0.002320418134331703, -0.002131924731656909, -0.008475701324641705, 0.006005788221955299, -0.017770374193787575, 0.0024016653187572956, 0.0032498855143785477, -0.0025934085715562105, -0.003215761622413993, -0.011095108464360237, 0.00791672058403492, -0.0037406180053949356, -0.011797084473073483, 0.007435737643390894, 0.011218604631721973, 0.03507276251912117, 0.02748103067278862, -0.0073317415080964565, -0.0009059055591933429, 0.011296601966023445, -0.0077737257815897465, -0.009229674935340881, 0.036268722265958786, -0.005258314777165651, -0.01979830116033554, -0.024946119636297226, -0.0012666428228840232, -0.05496206134557724, -0.02021428756415844, 0.012434061616659164, 0.011907580308616161, 0.008378204889595509, -0.027793020009994507, 0.026571063324809074, -0.0059180413372814655, -0.002895647892728448, -0.010568627156317234, -0.01826435513794422, 0.035878736525774, -0.004325597546994686, 0.02966495417058468, -0.0127850491553545, 0.005700299050658941, -0.028494995087385178, 0.03697069734334946, -0.013636519201099873, 0.008157212287187576, -0.006350276060402393, -0.011699587106704712, -0.01658741571009159, -0.029456961899995804, 5.198547114559915e-06, -0.009567663073539734, 0.022294213995337486, 0.025310108438134193, 0.01770537532866001, 0.023581167683005333, 0.008274207822978497, -0.0036756203044205904, 0.03387680649757385, -0.012570557184517384, 0.0004639211401809007, -0.012180570513010025, 0.021930227056145668, 0.005105569958686829, -0.000305489229504019, 0.016795407980680466, 0.015508453361690044, -0.02007129229605198, 0.006623266264796257, -0.01029563695192337, -0.02506311610341072, 0.007260243874043226, 0.025375105440616608, 0.014299496077001095, 0.007981718517839909, -0.0022180466912686825, -0.01673041097819805, 0.019915297627449036, -0.015872441232204437, 0.01087411679327488, -0.014637484215199947, -0.04159853234887123, -0.011790583841502666, -0.002541410503908992, 0.04261249676346779, -0.024946119636297226, -0.00269090523943305, -0.029586955904960632, -0.005856293719261885, 0.0015128216473385692, -0.0030418927781283855, 0.0035911232698708773, 0.00045051536289975047, -0.0018556845607236028, 0.01539145689457655, -0.00845620222389698, 0.021631237119436264, -0.04349646717309952, -0.0017646878259256482, -0.007169247139245272, -0.013818512670695782, -0.046044375747442245, 0.004104605410248041, 0.003857614006847143, -0.005261564627289772, -0.043860454112291336, 0.01765337772667408, -0.03366881236433983, 0.016366422176361084, -0.01143309660255909, -0.002044177846983075, -0.006181281991302967, -0.000817752443253994, -0.023633167147636414, -0.012375563383102417, -0.023646166548132896, -0.00486832857131958, -0.03567074239253998, 0.034812770783901215, -0.00033169143716804683, 0.00415660347789526, -0.01951231248676777, 0.003656121203675866, -0.009392169304192066, 0.03307083249092102, -0.006298277992755175, -0.0029037725180387497, 0.0047025843523442745, -0.003477377351373434, -0.027091044932603836, 0.013857511803507805, -0.018511347472667694, -0.004956075455993414, -0.021631237119436264, -0.0131815355271101, 0.017263391986489296, -0.025440102443099022, -0.015404457226395607, 0.030392928048968315, -0.0319528728723526, -0.022905193269252777, 0.010568627156317234, -0.16265027225017548, 0.007903721183538437, 0.016743410378694534, -0.020474277436733246, 0.011563092470169067, 0.006470521911978722, 0.005531304981559515, -0.007890721783041954, 0.0029216469265520573, -0.00971065741032362, 0.05527405068278313, 0.005287563428282738, -0.013935508206486702, -0.02165723592042923, -0.0010285887401551008, -0.014494488947093487, -0.031978871673345566, 0.017133396118879318, 0.027585027739405632, 0.007669729646295309, 0.02818300575017929, -0.02659706212580204, -0.016197428107261658, 0.0014177624834701419, -0.011550093069672585, 0.027975013479590416, -0.0007568170549347997, -0.014416491612792015, 0.020942261442542076, -0.012505559250712395, -0.007838723249733448, 0.014156500808894634, 0.021306248381733894, 0.004010358825325966, -0.0095936618745327, 0.0003747524169739336, -0.006330776959657669, -0.012765550054609776, -0.02026628516614437, 0.033928804099559784, -0.007149748038500547, 0.013123037293553352, -0.02147524245083332, 0.0034903769847005606, -0.019629307091236115, 0.03632071986794472, 0.0081962114199996, -0.014572486281394958, 0.014572486281394958, 0.011348599568009377, 0.010939114727079868, -0.020253285765647888, 0.036268722265958786, -0.0020490528549999, 0.015066469088196754, 0.007910220883786678, 0.01348052453249693, -0.012830547988414764, -0.005554054398089647, 0.030444925650954247, -0.021917227655649185, -0.011465596035122871, 0.019993295893073082, -0.02128024958074093, 0.0052193161100149155, 0.00467008538544178, -0.02059127390384674, -0.00613578362390399, -0.01938231661915779, 0.028390999883413315, 0.005853043403476477, -0.013454525731503963, 0.029846947640180588, -0.009671659208834171, 0.025219110772013664, -0.012986541725695133, 0.006054536439478397, 0.018472349271178246, -0.005346061661839485, -0.007318742107599974, -0.016522416844964027, 0.04336646944284439, -0.016171429306268692, -0.0227751974016428, 0.010984612628817558, 0.000600822560954839, 0.033512819558382034, 0.0017711875261738896, -0.0327068455517292, 0.0005378560163080692, 0.006694763898849487, -0.03166688233613968, -0.0031410143710672855, 0.004699334502220154, 0.01770537532866001, 0.026935050264000893, 0.009613160975277424, -0.0003999390173703432, 0.0064607723616063595, -0.0024617882445454597, 0.0034058799501508474, -0.010906615294516087, 0.005333061795681715, 0.03788066282868385, 0.01983730122447014, -0.00703275203704834, 0.015482454560697079, 0.03834864869713783, 0.007494235876947641, 0.004068856593221426, -0.03457878157496452, 0.0033278826158493757, 0.011335600167512894, 0.0478903129696846, -0.001818310935050249, 0.0035228757187724113, -0.008014217019081116, -0.018134361132979393, 0.010133142583072186, 0.0022895443253219128, -0.022697199136018753, -0.008781190030276775, -0.008527698926627636, 0.010198140516877174, -0.009704157710075378, -0.008852687664330006, -0.05548204481601715, -0.014572486281394958, 0.01905732788145542, 0.042092517018318176, 0.010822118259966373, 0.02976895123720169, 0.0243221428245306, 0.02389315702021122, 0.00511206965893507, 0.03161488473415375, -0.00835870485752821, -0.014455490745604038, 0.013896510004997253, 0.011498094536364079, 0.017120396718382835, -0.01960330829024315, 0.01709439791738987, -0.03054892271757126, 0.0123885627835989, 0.012278066948056221, 0.0003631747094914317, -0.024140149354934692, 0.01686040498316288, -0.01886233501136303, -0.01394850853830576, -0.01914832554757595, -0.036164723336696625, 0.04578438401222229, 0.01695140264928341, 0.007565733045339584, 0.02831300161778927, -0.0008555323584005237, -0.0006288528093136847, -0.01835535280406475, 0.00850170012563467, -0.009216674603521824, -0.03694469854235649, -0.009632660076022148, 0.019733304157853127, -0.024712128564715385, 0.01043213251978159, -0.002526785945519805, 0.025635095313191414, -0.013610520400106907, 0.008150712586939335, -0.022333212196826935, -0.007955719716846943, 0.0013040165649726987, 0.0035781238693743944, -0.019070327281951904, -0.033512819558382034, -0.009957648813724518, 0.005791295785456896, 0.009379168972373009, -0.0016671912744641304, -0.004936575889587402, 0.021319247782230377, -0.00023703851911704987, -0.03673670440912247, -0.0017321889754384756, 0.012427561916410923, 0.0032092619221657515, -0.012908545322716236, -0.005511805880814791, 0.027273038402199745, 0.012570557184517384, 0.0016850655665621161, -0.0022196718491613865, 0.013071038760244846, 0.009099679067730904, -0.0015152590349316597, 0.004016858525574207, -0.019122324883937836, -0.0014470114838331938, -0.005541054531931877, -0.001280454802326858, -0.02100725844502449, -0.0223982110619545, 0.013545522466301918, -0.02138424664735794, 0.0022342961747199297, -0.012752550654113293, -0.010900115594267845, 0.02170923538506031, 0.009938149712979794, 0.020383281633257866, -0.021046258509159088, -0.014871475286781788, 0.008014217019081116, -0.02989894524216652, -0.012915045022964478, 0.022060222923755646, 0.025687094777822495, -0.0034253792837262154, -0.014234498143196106, 0.0021806731820106506, 0.006031787488609552, -0.0216052383184433, -0.016223428770899773, 0.02189122885465622, -0.015820441767573357, -0.028936980292201042, -0.09858852624893188, 0.03660671040415764, 0.03767267242074013, 0.003942111041396856, 0.012310566380620003, 0.01362351980060339, 0.04076656326651573, 0.005976539105176926, 0.0023122935090214014, -0.01450748834758997, -0.014052504673600197, -0.012232569046318531, -0.009002182632684708, 0.008761690929532051, -0.03143289312720299, -0.03476077318191528, 0.01520946342498064, 0.01868034154176712, -0.00454008998349309, 0.012232569046318531, -0.00021875790844205767, 0.015287460759282112, -0.0009733407059684396, 0.020149288699030876, 0.001881683710962534, 0.005687299650162458, -0.028053011745214462, 0.028936980292201042, -0.02221621759235859, 0.0003408317279536277, 0.011342099867761135, 0.0017776873428374529, -0.00011780834756791592, 0.002586908871307969, -0.010627125389873981, -0.020526276901364326, 0.02664905972778797, -0.006694763898849487, -0.007403239142149687, 0.02580408938229084, -0.013142536394298077, -0.008443201892077923, -0.010542628355324268, 0.009762655943632126, -0.03390280529856682, 0.01680840738117695, -0.012551057152450085, 0.023321177810430527, 0.006759761832654476, -0.0014218249125406146, -0.01606743410229683, 0.017939368262887, 0.005901792086660862, -0.025908086448907852, 0.02542710304260254, -0.022619202733039856, 0.021683234721422195, 0.012128571979701519, 0.014078503474593163, -0.005729548167437315, 0.03590473532676697, 0.004241100512444973, 0.018459349870681763, -0.008891686797142029, 0.02170923538506031, 0.017302390187978745, -0.011108108796179295, -0.0095936618745327, 0.003782866522669792, 0.013649518601596355, 0.0081962114199996, 0.03413679823279381, -0.011108108796179295, 0.014429491013288498, -0.0015583200147375464, 0.01816035993397236, 0.03320083022117615, -0.0244001392275095, -0.029586955904960632, -3.742446278920397e-05, -0.014520487748086452, -0.005011323373764753, -0.027117043733596802, 0.028468996286392212, -0.0025446603540331125, -0.002083176514133811, -0.011017111130058765, 0.0060642859898507595, -0.03873863443732262, 0.012050575576722622, 0.007708728313446045, 0.021683234721422195, -0.011290102265775204, 0.01611943170428276, -0.0051185693591833115, 0.03964860364794731, 0.00575229711830616, -0.027273038402199745, 0.025726092979311943, 0.03299283608794212, 0.018108362331986427, -0.009795154444873333, -0.02342517487704754, -0.018563345074653625, -0.020747268572449684, 0.009561162441968918, -0.03325282782316208, -0.033512819558382034, 0.005066571291536093, -0.0006763823912478983, 0.004289848729968071, 0.023373175412416458, -0.015378457494080067, 0.02356816828250885, -0.01983730122447014, -0.01853734627366066, 0.016470419242978096, -0.015872441232204437, -0.006759761832654476, 0.002931396709755063, 0.02324318140745163, 0.023074187338352203, -0.013701517134904861, -0.00887218676507473, 0.019551310688257217, -0.016886403784155846, 0.012720051221549511, -0.019629307091236115, 0.019304320216178894, -0.003919361624866724, -0.0009522164473310113, -0.003948610741645098, -0.0171463955193758, -0.019018329679965973, 0.009788654744625092, 0.01299304235726595, 0.0046278368681669235, 0.02794901467859745, 0.01054912805557251, 0.015066469088196754, 0.019460313022136688, 0.004852078855037689, 0.028261004015803337, 0.030808914452791214, -0.007338241208344698, -0.011147106997668743, 0.007481236010789871, -0.03268084675073624, -0.02147524245083332, -0.003116640029475093, -0.031744882464408875, -0.020877264440059662, -0.015872441232204437, -0.04159853234887123, 0.012889045290648937, 0.017809372395277023, 0.022710198536515236, -0.017354387789964676, -0.0008742191712372005, 0.03894662857055664, -0.010328135453164577, 0.02021428756415844, 0.0259470846503973, 0.0014356368919834495, -0.0037601173389703035, 0.009307672269642353, 0.004637586418539286, 0.00523881521075964, -0.026012083515524864, 0.001039150869473815, -0.000292895914753899, -0.0007052251603454351, -0.012115572579205036, 0.00473833316937089, -0.009977147914469242, -0.0026519065722823143, 0.026259073987603188, 0.015157465822994709, 0.010042145848274231, -0.008963184431195259, -0.005593052599579096, -0.041988518089056015, -0.031510889530181885, 0.008722692728042603, 0.015547451563179493, -0.013714516535401344, -0.0052680643275380135, -0.03184887766838074]"
2020年夏季奥林匹克运动会奖牌榜,奖牌榜,"本奖牌榜的排名是基于国际奥林匹克委员会提供的信息。排列顺序是以各国家/地区代表团所获得的金牌数从多到少进行排行，如果几个国家/地区的金牌数量出现相同的情况，则以银牌数量进行排名，如果银牌数量仍然相同，则会以铜牌数量进行排名。如果这时仍然无法分出先后，则会根据国际奥委会国家/地区编码列表的首字母顺序进行排列，但最左侧的排名不分先后。
  ‡   赛后发生变动（见下文）

  *   主办国家/地区（日本）",415,"2020年夏季奥林匹克运动会奖牌榜
奖牌榜

本奖牌榜的排名是基于国际奥林匹克委员会提供的信息。排列顺序是以各国家/地区代表团所获得的金牌数从多到少进行排行，如果几个国家/地区的金牌数量出现相同的情况，则以银牌数量进行排名，如果银牌数量仍然相同，则会以铜牌数量进行排名。如果这时仍然无法分出先后，则会根据国际奥委会国家/地区编码列表的首字母顺序进行排列，但最左侧的排名不分先后。
  ‡   赛后发生变动（见下文）

  *   主办国家/地区（日本）","1. What is the ranking of the countries in the table?
2. How is the ranking determined?
3. Why are there asterisks next to Japan?
4. What if there is a tie?
5. What is the order of the letters in the alphabet?","1. The ranking of the countries in the table is determined by the number of gold medals they have won.
2. The ranking is determined by the number of gold medals, then silver medals, then bronze medals.
3. The asterisks next to Japan indicate that there was a change in the ranking after the event.
4. If there is a tie, the ranking is determined by the alphabetical order of the countries' codes.
5. The order of the letters in the alphabet is A, B, C, D, E, F, G, H, I, J.","[-0.004283232148736715, -0.0001811174734029919, -0.0019805284682661295, -0.01886928267776966, -0.019289804622530937, 0.0063349781557917595, -0.024295387789607048, -0.014840398915112019, -0.036816127598285675, -0.020917637273669243, 0.008091679774224758, 0.007345590274780989, -0.032827939838171005, -0.006528283469378948, -0.016875188797712326, 0.016386838629841805, 0.004585059359669685, -0.006406195927411318, 0.0026418352499604225, 0.01386369951069355, -0.023793473839759827, 0.028324270620942116, -0.01695658080279827, -0.012907348573207855, -0.004574885126203299, 0.007671156898140907, 0.011388039216399193, -0.02029363438487053, 0.013361784629523754, -0.00928542297333479, 0.003013184294104576, 0.029355231672525406, -0.01420283131301403, -0.010140035301446915, -0.01151690911501646, 0.0019550935830920935, -0.013945091515779495, -0.021880770102143288, -0.016536056995391846, -0.015830663964152336, 0.014691180549561977, 0.03825404495000839, -0.0018991369288414717, -0.0060806297697126865, 0.0029487493447959423, 0.006450282875448465, 0.01611553318798542, -0.012764913029968739, -0.017037970945239067, 0.029924971982836723, -0.002061920240521431, 0.022816773504018784, -0.011923867277801037, -0.033370550721883774, -0.010845428332686424, -0.032990723848342896, -0.013490655459463596, 0.007969592697918415, 0.011645779013633728, -0.008932726457715034, 0.03225819766521454, 0.028134357184171677, -0.045497894287109375, 0.003352315863594413, 0.023684950545430183, 0.0018720064545050263, -0.003240402555093169, 0.013382133096456528, -0.013578829355537891, 0.024308953434228897, 0.030114885419607162, 0.04815668612718582, -0.002792748622596264, 0.022423380985856056, 0.03339767828583717, -0.01977815479040146, -0.03697890788316727, 0.011849258095026016, 0.00884455256164074, 0.00919046625494957, 0.01629188284277916, -0.01890997774899006, 0.005965325050055981, 0.008017070591449738, -0.00900055281817913, -0.00019733220688067377, 0.012615695595741272, 0.028188617900013924, -0.01682092808187008, -0.011720388196408749, -0.005297235678881407, 0.026370873674750328, 0.01610196754336357, -0.017553452402353287, -0.020890505984425545, 0.00962455477565527, -0.01904563046991825, 0.020130852237343788, -0.011394822038710117, -0.028351401910185814, 0.01047238428145647, -0.010424905456602573, -0.006209499668329954, -0.00841046404093504, -0.028351401910185814, -0.013917961157858372, -0.01664457842707634, 0.017567016184329987, 0.0032081848476082087, 0.029572276398539543, -0.023508602753281593, 0.018258845433592796, 0.030087755993008614, -0.04023457318544388, -0.030738888308405876, -0.006921675987541676, 0.009142988361418247, -0.021270334720611572, -0.006104368716478348, 0.017594147473573685, 0.002061920240521431, 0.02600461058318615, 0.024539561942219734, -0.01679379679262638, 0.027428964152932167, 0.0024468344636261463, -0.017906147986650467, -0.016251185908913612, 0.003009792882949114, 0.009048030711710453, 0.029192447662353516, 0.015817098319530487, -0.01802823506295681, 0.0190591961145401, 0.003021662589162588, 0.01939832791686058, 0.002677443902939558, -0.012446129694581032, -0.032665155827999115, -0.014677615836262703, 0.01541014015674591, -0.000744817778468132, -0.017119362950325012, -0.012975174933671951, 0.008125592954456806, 0.021026158705353737, -0.010506296530365944, 0.000521414855029434, -0.000819426728412509, 0.012880218215286732, 0.03171558678150177, -0.0038084478583186865, 0.020144417881965637, 0.012629261240363121, 0.007494808174669743, -0.021243203431367874, 0.005497323349118233, 0.02112111635506153, 0.0004667298635467887, -0.0225454680621624, 0.009922990575432777, 0.011896736919879913, -0.019615372642874718, -0.006358717568218708, -0.0018974413396790624, 0.02719835378229618, 0.017227884382009506, -0.0060636731795966625, 0.021935032680630684, 0.009672033600509167, -0.014677615836262703, -0.0034167508129030466, -0.027076266705989838, 0.007203155197203159, 0.017092233523726463, -0.0028656620997935534, 0.014012917876243591, 0.022070685401558876, -0.029029665514826775, 0.0020042676478624344, -0.007935679517686367, -0.010011164471507072, 0.040288835763931274, 0.010011164471507072, -0.019167717546224594, -0.01907276175916195, 0.027781661599874496, -0.0022976165637373924, 0.030060624703764915, -0.003486272878944874, 0.0050259302370250225, 0.013117610476911068, -0.005063234828412533, 0.006609675008803606, -0.58949214220047, -0.030087755993008614, 0.0018228323897346854, -0.008763160556554794, 0.03898656740784645, 0.018285976722836494, 0.0108182979747653, 0.026913484558463097, -0.016061272472143173, -0.034401509910821915, -0.033370550721883774, 0.008376550860702991, -0.0009317640797235072, -0.01611553318798542, -0.005398975219577551, -0.042052317410707474, 0.0055617582984268665, 0.006256978027522564, 0.010262122377753258, 0.009861947037279606, 0.001727875554934144, -0.0025417914148420095, -0.001247156411409378, 0.0129887405782938, -0.015722140669822693, 0.010560558177530766, 0.01593918539583683, -0.035595253109931946, -0.0181910190731287, 0.0035744470078498125, -0.007956027053296566, 0.010289252735674381, -0.025272086262702942, 0.008437594398856163, 0.04058726876974106, -0.009556728415191174, -0.012018823996186256, 0.010065426118671894, 0.021053289994597435, 0.02962653711438179, 0.007745765615254641, -0.018421629443764687, 0.01748562604188919, -0.03554099053144455, -0.008105245418846607, 0.014012917876243591, -0.01592561975121498, 0.001672766637057066, 0.022464077919721603, -0.03548673167824745, -0.018068931996822357, -0.041319794952869415, -0.012778478674590588, -0.007454112637788057, 0.007067502476274967, 0.0047376686707139015, 0.005012365058064461, -0.034591421484947205, 0.001459961524233222, 0.0002390877780271694, -0.0052599310874938965, 0.020578505471348763, -0.007311677094548941, -0.01975102350115776, 0.009570294059813023, -0.010418122634291649, -0.03589368984103203, 0.018475890159606934, 0.027971575036644936, 0.005232800729572773, -0.020700592547655106, 0.026045307517051697, 0.013904395513236523, -0.018136758357286453, 0.03049471415579319, 0.025258522480726242, 0.027103397995233536, 0.0038152304477989674, -0.024987217038869858, 0.01749918982386589, -0.013667003251612186, -0.0164546649903059, 0.019276240840554237, -0.002980966819450259, -0.007521938998252153, -0.012283346615731716, -0.010764037258923054, 0.008315506391227245, 0.006972545757889748, 0.02371208183467388, 0.01577640138566494, 0.005497323349118233, 0.0030996627174317837, 0.019886676222085953, -0.009895860217511654, 0.030060624703764915, -0.02287103421986103, -0.032122544944286346, -0.007250633556395769, -0.040288835763931274, -0.0047546252608299255, -0.008403681218624115, -0.0037168823182582855, -0.007209938019514084, -0.004859755747020245, 0.029680797830224037, -0.017987539991736412, -0.011462648399174213, 0.038905177265405655, 0.0044901021756231785, -0.019859546795487404, 0.0035744470078498125, 0.001483700703829527, 0.018747195601463318, 0.021216072142124176, -0.02234198898077011, 0.0044358414597809315, 0.019289804622530937, 0.004354449920356274, 0.013104044832289219, 0.02913818694651127, 0.020551374182105064, 0.036110732704401016, -0.01943902298808098, 0.018421629443764687, 0.02268112078309059, 0.03540533781051636, -0.002975879702717066, 0.009814468212425709, -0.005870367866009474, 0.0009368510218337178, -0.001521853031590581, 0.035947948694229126, -0.006684283725917339, 0.03798273950815201, 0.011944214813411236, 0.00866142101585865, -0.004632537718862295, 0.009427858516573906, -0.01455552875995636, -0.0007270133937709033, -0.006365499924868345, -0.011333778500556946, -0.03247524052858353, -0.023101644590497017, -0.031986892223358154, -0.04319180175662041, 0.017431363463401794, -0.0004349362861830741, 0.004195057787001133, 0.003991579171270132, -0.007718635257333517, -0.008776726201176643, 0.013653438538312912, -9.384407167090103e-05, 0.01695658080279827, 0.010024730116128922, -0.016074838116765022, -0.03380463644862175, -0.005453235935419798, 0.004710537847131491, 0.0023145731538534164, -0.010696210898458958, -0.03361472487449646, -0.0015922228340059519, -0.024363214150071144, -0.0011259169550612569, 0.0012183302314952016, -0.018950674682855606, -0.02913818694651127, -0.011245603673160076, 0.011408386752009392, -0.00928542297333479, 0.008647855371236801, -0.011923867277801037, -0.01126595214009285, -0.020320765674114227, 0.0014650485245510936, -0.010262122377753258, 0.0005354040185920894, 0.009943338111042976, 0.013009088113904, -0.02441747486591339, -0.021785814315080643, -0.002219616435468197, 0.0019110065186396241, -0.0027825748547911644, 0.02026650495827198, -0.01752632111310959, -0.0013107436243444681, -0.029029665514826775, 0.02234198898077011, -0.0076236785389482975, 0.007759330794215202, 0.00662663159891963, 0.01516596507281065, 0.027089832350611687, -0.01516596507281065, 0.004727494437247515, 0.009210814721882343, 0.0037406214978545904, 0.020320765674114227, -0.021677291020751, 0.007671156898140907, 0.020212244242429733, -0.003462533699348569, 0.013483872637152672, -0.018950674682855606, 0.015301617793738842, 0.0004476536996662617, 0.021066855639219284, -0.027632443234324455, -0.01922197826206684, -0.009007335640490055, -0.016413969919085503, 0.03225819766521454, -0.00251126941293478, 0.011482995934784412, 0.020510679110884666, 0.015111704356968403, -0.03375037759542465, -0.0005705889197997749, 0.030630366876721382, -0.004130622837692499, 0.009251509793102741, 0.002879227278754115, -0.0027317050844430923, 0.0011674605775624514, 0.001736353849992156, -0.003286185208708048, -0.025394173339009285, -0.03103732317686081, 0.0003018271236214787, 0.012798826210200787, -0.005300627090036869, -0.021731553599238396, 0.01922197826206684, -0.03432011976838112, 0.02216564118862152, 0.007298111915588379, -0.005548193119466305, 0.0022806599736213684, 0.00285548809915781, -0.003991579171270132, 0.03936639800667763, -0.02200285904109478, 0.009136205539107323, 0.034401509910821915, -0.013999352231621742, 0.023155905306339264, -0.031796980649232864, 0.011476213112473488, -0.03657195344567299, 0.015477966517210007, 0.007284546736627817, -0.016020577400922775, 0.008810639381408691, 0.0010809819214046001, 0.006874197628349066, 0.02357642911374569, 0.025272086262702942, 0.003169184783473611, 0.025882523506879807, 0.007691504899412394, 0.018258845433592796, -0.013327871449291706, -0.017404234036803246, -0.025367043912410736, 0.02007659152150154, -0.004727494437247515, -0.010886124335229397, -0.0016032446874305606, -0.011259169317781925, 0.009516032412648201, 0.010784384794533253, -0.011130299419164658, -0.027089832350611687, -0.0060975863598287106, 0.024743041023612022, 0.014311353676021099, -0.013137958012521267, -0.025339912623167038, -0.00024353887420147657, 0.03014201670885086, -0.025339912623167038, -0.028866881504654884, -0.017973974347114563, 0.010180730372667313, -0.027469659224152565, 0.0037813172675669193, 0.008173071779310703, -0.010329948738217354, -0.011815344914793968, -0.013544916175305843, 0.0039847963489592075, -0.005137843545526266, 0.006531674414873123, -0.010858993977308273, -0.041672490537166595, -0.015640748664736748, -0.008200202137231827, -0.031091585755348206, 0.009163335897028446, -0.025231391191482544, 0.054315317422151566, 0.029897842556238174, -0.0059788902290165424, 0.007114980835467577, -0.0009232857846654952, -0.013260046020150185, -0.009678815491497517, -0.020415721461176872, -0.007535504177212715, -0.018245279788970947, 0.02547556534409523, 0.0071217636577785015, -0.02475660666823387, -0.007847505621612072, 0.020714158192276955, -0.024403909221291542, -0.016508925706148148, -0.0037406214978545904, -0.026126697659492493, -0.0011479604290798306, 0.040641531348228455, 0.016739536076784134, -0.013890830799937248, 0.008186636492609978, -0.006684283725917339, 0.014229961670935154, -0.011917084455490112, -0.017756931483745575, 0.004198449198156595, 0.01718718931078911, -0.025733305141329765, 0.0014947225572541356, 0.010730124078691006, 0.027306877076625824, 0.026018176227808, 0.01975102350115776, 0.007494808174669743, -0.024471735581755638, 0.03277367725968361, 0.019656067714095116, 0.006714805494993925, -0.02930097095668316, 0.019900241866707802, 0.029897842556238174, -0.029572276398539543, -0.0173635371029377, 0.010533427819609642, 0.02407834306359291, 0.012452912516891956, -0.01972389407455921, -0.018774325028061867, -0.01576283760368824, 0.008864900097250938, -0.0007689808844588697, -0.015559357590973377, 0.02995210327208042, 0.016373272985219955, 0.0062807174399495125, 0.03602934256196022, -0.004079753067344427, 0.021243203431367874, 0.014759006910026073, -0.0029402710497379303, -0.022979557514190674, 0.02755105122923851, 0.014786138199269772, 0.03082028031349182, 0.011035342700779438, 0.013945091515779495, -0.0016693753423169255, 0.001042829710058868, -0.019981633871793747, -0.03619212284684181, -0.013470306992530823, -0.0022077467292547226, 0.010363861918449402, -0.01751275546848774, 0.00233661662787199, 0.009556728415191174, -0.030033495277166367, -0.013904395513236523, -0.012073084712028503, 0.0181910190731287, -0.03583942726254463, -0.004900451749563217, -0.030548974871635437, -0.02494652010500431, -0.019710328429937363, 0.00866142101585865, -0.03480846807360649, 0.005446453578770161, -0.024010516703128815, -0.004666450899094343, -0.014270657673478127, 0.01473187655210495, 0.004852973390370607, 0.014501267112791538, 0.007894983515143394, 0.02232842519879341, 0.006345152389258146, 0.008220549672842026, -0.009543163701891899, -0.031227238476276398, -0.04435841366648674, 0.0009156553423963487, 0.010296035557985306, -0.008993769995868206, -0.0017448320286348462, -0.010675862431526184, 0.004212014377117157, -0.0002602835011202842, -0.009054813534021378, 0.019533980637788773, 0.03540533781051636, 0.01747206039726734, 0.015016747638583183, 0.013436393812298775, 0.004747842438519001, 0.006972545757889748, -0.00961098913103342, 0.027103397995233536, -0.03065749630331993, -0.0013929830165579915, 0.008708899840712547, 0.00866142101585865, -0.011910301633179188, 0.0073388079181313515, -0.0028317489195615053, -0.006365499924868345, -0.004781755618751049, 0.01473187655210495, -0.045497894287109375, 0.020388592034578323, 0.004032274708151817, -0.004371406510472298, 0.011727171018719673, -0.007352373097091913, 0.028487054631114006, 0.0018957456341013312, -0.021555203944444656, -0.018082497641444206, 0.0013751786900684237, 0.024349648505449295, 0.051385220140218735, -0.025353478267788887, 0.0329635925590992, -0.026370873674750328, -0.012317259795963764, -0.012412216514348984, -0.004696972668170929, 0.0005345561658032238, 0.026750700548291206, -0.0034337074030190706, 0.012161259539425373, -0.014175700955092907, 0.02202998846769333, -0.0020670071244239807, -0.014867529273033142, 0.014162135310471058, 0.009353249333798885, 0.017458494752645493, -0.019113456830382347, -0.008552898652851582, 0.02478373795747757, 0.025244956836104393, -0.015193095430731773, -0.010594471357762814, 0.005460018757730722, -0.015111704356968403, 0.014257092028856277, 0.0013056566240265965, 0.010940385051071644, -0.044412676244974136, 0.0015718749491497874, 0.0036354907788336277, -0.005019147880375385, -0.023644255474209785, 0.008607160300016403, 0.0031573153100907803, 0.02376634255051613, 0.015369444154202938, 0.01767553947865963, -0.019506849348545074, 0.012032389640808105, -4.739893847727217e-05, 0.02044285275042057, -0.02580113150179386, -0.0022297902032732964, -0.008695334196090698, -0.02048354782164097, 0.019710328429937363, 0.015491531230509281, -0.028541315346956253, -0.02650652639567852, -0.005802541505545378, -0.0012090042000636458, -0.015111704356968403, 0.020741289481520653, -0.006216282024979591, -0.03765717148780823, 0.017092233523726463, -0.018068931996822357, -0.007576200179755688, 0.0091090751811862, -0.02634374238550663, -0.023345818743109703, 0.013307523913681507, -0.013490655459463596, 0.008084896951913834, -0.01073690690100193, 0.010675862431526184, -0.02892114222049713, 0.029707929119467735, 0.0005201430758461356, -0.012391868978738785, -0.000632056500762701, -0.015545792877674103, -0.019004935398697853, 0.016725970432162285, -0.0007876331219449639, -0.0006494370172731578, 0.06646979600191116, -0.0016778536373749375, -0.023969821631908417, 0.0025061825290322304, 0.014311353676021099, -0.027510356158018112, -0.004961495287716389, 0.0037847086787223816, -0.02444460615515709, -0.009387162514030933, -0.020375026389956474, 0.0002683378697838634, -0.031254369765520096, 0.0057788025587797165, 0.011740735732018948, -0.015396574512124062, 0.013137958012521267, -0.021975727751851082, -0.02146024815738201, 0.004439232870936394, 0.004917408339679241, 0.043598759919404984, -0.025584088638424873, 0.012364738620817661, 0.005405757576227188, -0.021392421796917915, -0.025746870785951614, -0.052416179329156876, -0.0029996191151440144, 0.0019398326985538006, 0.03304498270153999, 0.03687038645148277, -0.013436393812298775, -0.015708575025200844, 0.03882378712296486, -0.009312553331255913, 0.00017836202459875494, -0.04197092726826668, 0.016875188797712326, 0.020022328943014145, 0.013761959969997406, -0.02459382452070713, -0.009828033857047558, -0.0021093985997140408, 0.011869605630636215, -0.017770495265722275, -0.025244956836104393, -0.019086327403783798, -0.020130852237343788, -0.018435193225741386, 0.03790134936571121, -0.011944214813411236, 0.015491531230509281, -0.005643149837851524, -0.037711434066295624, 0.00043451235978864133, -0.022586164996027946, -0.01972389407455921, 0.013070131652057171, 0.007148894015699625, 0.029002534225583076, 0.000938546727411449, -0.032665155827999115, -0.009183683432638645, 0.021107550710439682, -0.0007613504421897233, -0.007562634535133839, -0.006640196777880192, 0.04490102455019951, -0.01516596507281065, -0.017716234549880028, 0.007569417357444763, 0.03323489800095558, 0.0234136451035738, 0.02892114222049713, -0.006735153496265411, 0.014270657673478127, -0.005877150688320398, 0.011089603416621685, -0.0016413968987762928, 0.005212452728301287, -0.005297235678881407, -0.00961098913103342, -0.010011164471507072, -0.01631901226937771, -0.025868957862257957, -0.005171756725758314, 0.016563188284635544, 0.00026282700127922, 0.004534189589321613, -0.013409263454377651, 0.00029271296807564795, 0.02146024815738201, -0.0025010956451296806, -0.0024722693488001823, 0.012629261240363121, 0.00290296645835042, -0.018258845433592796, -0.0037067083176225424, 0.008268028497695923, -0.010560558177530766, -0.012866652570664883, -0.014365614391863346, -0.020497113466262817, -0.01853015087544918, 0.03898656740784645, -0.0073727210983633995, -0.005110713187605143, 0.002928401343524456, 0.0028080097399652004, -0.011021777056157589, -0.006765675265341997, 0.01904563046991825, 0.03255663439631462, 0.007535504177212715, -0.012887001037597656, -0.014514832757413387, 0.005663497839123011, 0.008892030455172062, -0.010696210898458958, 0.007148894015699625, 0.008715681731700897, -0.021555203944444656, 0.031064454466104507, -0.022124946117401123, 0.006094194948673248, 0.03361472487449646, -0.040994226932525635, -0.0329635925590992, 0.01550509687513113, 0.02443104051053524, -0.022477641701698303, -0.022776078432798386, -0.02512286975979805, 0.010329948738217354, -0.0014989617047831416, 0.010533427819609642, -0.006294282618910074, 0.010343513451516628, 0.021039724349975586, 0.013022653758525848, 0.00298774940893054, 0.010947167873382568, -0.008593594655394554, -0.025774002075195312, 0.037874218076467514, -0.005080191418528557, -0.03554099053144455, -0.021704422309994698, -0.01782475784420967, 0.00014688637747894973, 0.013829786330461502, -0.02631661295890808, -0.01920841448009014, 0.014284223318099976, -0.01576283760368824, 0.004595233127474785, -0.011523691937327385, 0.05474940687417984, 0.0038118392694741488, 0.024308953434228897, 0.016007011756300926, 0.004727494437247515, -0.0017134624067693949, -1.7195032341987826e-05, -0.004195057787001133, -0.017227884382009506, 0.020537810400128365, 0.004286623559892178, -0.00502253882586956, -0.008552898652851582, -0.03589368984103203, -0.005256539676338434, 0.010533427819609642, 0.01308369729667902, -0.017879018560051918, 0.0346185527741909, 0.0023569646291434765, -0.008234115317463875, -0.014623354189097881, 0.026425134390592575, -0.007555852178484201, 0.002053441945463419, -0.0036897517275065184, -0.044249892234802246, 0.008457941934466362, -0.00934646651148796, 0.00892594363540411, -0.0057957591488957405, 0.003981404937803745, -0.006178977899253368, -0.0024129212833940983, 0.021948596462607384, 0.012920914217829704, -0.005439670756459236, 0.01627831719815731, -0.001734658144414425, 0.0039678397588431835, 0.002787661738693714, -0.032665155827999115, 0.05702836811542511, 0.012059519998729229, 0.009068379178643227, 0.015369444154202938, -0.01075725443661213, -0.028487054631114006, 0.010282469913363457, 0.007603330537676811, -0.010194296017289162, 0.008437594398856163, 0.0012361346744000912, 0.005120886955410242, -0.005629584658890963, -0.009658467955887318, 0.014419876039028168, -0.029897842556238174, -0.051059652119874954, 0.036273516714572906, -0.0116864750161767, -0.0036320993676781654, 0.019886676222085953, -0.012452912516891956, -0.02666930854320526, 0.0077118524350225925, -0.019873112440109253, -0.0347270742058754, -0.011842475272715092, -0.012853087857365608, -0.023495037108659744, 0.0006803827709518373, -0.01180177927017212, -0.013232914730906487, -0.0033845333382487297, -0.019303370267152786, -0.0039034048095345497, 0.2741268575191498, -0.0073048947378993034, -0.012432564049959183, 0.03483559936285019, 0.0039678397588431835, -0.007637243717908859, 0.04058726876974106, -0.0018974413396790624, 0.006521500647068024, -0.025516262277960777, -0.023983387276530266, 0.0023349211551249027, 0.0007952636224217713, 0.003862709039822221, -0.005086974240839481, -0.033180635422468185, -0.02078198455274105, -0.028378533199429512, -3.06808105960954e-05, 0.013151523657143116, 0.01092682033777237, 0.013680568896234035, -0.003047097474336624, -0.006528283469378948, -0.0045579285360872746, 0.004618972539901733, 0.007501590996980667, -0.011035342700779438, 0.0030420103576034307, 0.022735383361577988, 0.0063858479261398315, 0.0013760264264419675, -0.029735058546066284, 0.021392421796917915, -0.0381455235183239, -0.016332577913999557, -0.0023925735149532557, 0.015030312351882458, 0.0277545303106308, 0.031254369765520096, 0.0076101128943264484, 0.002009354764595628, 0.021039724349975586, -0.02978931926190853, 0.013070131652057171, 0.027334006503224373, -0.008105245418846607, -0.008620725013315678, -0.022070685401558876, 0.006006020586937666, -0.035947948694229126, -0.029328100383281708, 0.011198125779628754, 0.02719835378229618, 0.0037948826793581247, -0.008817421272397041, 0.01956111006438732, 0.0032827937975525856, -0.01730927638709545, 0.01421639695763588, -0.031281497329473495, 0.030440451577305794, 0.006260369438678026, 0.00320479366928339, -0.018258845433592796, 0.013199001550674438, -0.025380609557032585, -0.004357840865850449, -0.0026977919042110443, 0.010011164471507072, -0.00868176855146885, -0.0013285480672493577, -0.011211690492928028, 0.0022399642039090395, -0.02445817179977894, -0.017200754955410957, 0.03825404495000839, 0.032149676233530045, 0.009448206052184105, 0.028514184057712555, -0.0026299655437469482, -0.0025265305303037167, 0.0019550935830920935, 0.007630460895597935, -0.0043069710955023766, -0.009427858516573906, 0.005229409318417311, 0.0048258425667881966, -0.008254462853074074, 0.011286299675703049, 0.008837769739329815, -0.029843579977750778, -0.002677443902939558, -0.003486272878944874, -0.006121325306594372, -0.006304456386715174, 0.02721191942691803, 0.018163887783885002, 0.006026368588209152, -0.011137081310153008, -0.020551374182105064, 0.04302901774644852, 0.009102292358875275, 0.0064943702891469, -0.0277138352394104, -0.018652237951755524, -0.007820374332368374, -0.009278640151023865, 0.018068931996822357, 7.180051761679351e-05, 0.00129802618175745, -0.03852535039186478, -0.0026842267252504826, -0.01516596507281065, 0.00624002143740654, 0.005605845246464014, -0.0075897653587162495, -0.006175586488097906, 0.017919713631272316, -0.0051921047270298, 0.011021777056157589, -0.05805933102965355, 0.007352373097091913, -0.0036660125479102135, -0.009298988617956638, -0.024729477241635323, -0.01835380308330059, 0.03413020446896553, -0.0073727210983633995, -0.025719741359353065, 0.005717758554965258, -0.031281497329473495, 0.02843279391527176, -0.00467323325574398, -0.012541086412966251, 0.0013616133946925402, -0.016671709716320038, 0.0008117962861433625, -0.007752548437565565, -0.017295710742473602, -0.006958980578929186, -0.00044722980237565935, 0.033370550721883774, 0.013104044832289219, -0.0020415722392499447, -0.0023298340383917093, -0.017621278762817383, -0.00034549031988717616, 0.026208089664578438, 0.003662621369585395, -0.008003505878150463, -0.014609789475798607, -0.005792367737740278, -0.020700592547655106, 0.030793149024248123, -0.0020161373540759087, 0.00433749333024025, -0.029056794941425323, 0.022776078432798386, 0.020063025876879692, -0.019968068227171898, -0.00214500748552382, 0.026981310918927193, -0.02911105751991272, -0.007114980835467577, 0.0010012860875576735, -0.17200754582881927, 0.02668287418782711, 0.023630689829587936, -0.03621925413608551, 0.012683521956205368, 0.016603883355855942, 0.023983387276530266, 0.018326671794056892, 0.0012276563793420792, 0.0027571399696171284, 0.04145544767379761, 0.018163887783885002, -0.015898490324616432, -0.011659344658255577, -0.017268581315875053, -0.029246708378195763, -0.036490559577941895, 0.0207684189081192, 0.02791731245815754, 0.015884924679994583, 0.016196925193071365, -0.015274487435817719, -0.011204907670617104, 0.001760093029588461, 0.010791167616844177, 0.007447329815477133, 0.006521500647068024, 0.005070017650723457, 0.003096271539106965, -0.02357642911374569, -0.011550822295248508, -0.008919160813093185, 0.02217920683324337, 0.008247680962085724, -0.0058839330449700356, -6.480592855950817e-05, -0.02426825650036335, -0.010513079352676868, -0.022219901904463768, 0.010764037258923054, -0.010146817192435265, -0.0004993712645955384, -0.028649836778640747, 0.009163335897028446, 0.01195099763572216, 0.030711757019162178, -0.004856364335864782, -0.02009015530347824, 0.02371208183467388, 0.008091679774224758, 0.020035894587635994, 0.0022094424348324537, 0.031634196639060974, -0.01770266890525818, 0.01497605163604021, -0.01021464355289936, 0.013890830799937248, -0.002185703255236149, -0.0029419665224850178, 0.015979880467057228, -0.031091585755348206, -0.014148570597171783, 0.02064633183181286, -0.015125269070267677, -0.0019008326344192028, 0.006358717568218708, -0.018163887783885002, 0.018150324001908302, -0.0346728153526783, 0.019669633358716965, -0.0234000813215971, -0.018760759383440018, 0.005741497967392206, -0.015912054106593132, 0.020361460745334625, -0.0036490559577941895, -0.014365614391863346, 0.0045070587657392025, -0.011042124591767788, 0.010275687091052532, -0.01714649423956871, 0.04178101196885109, -0.009231162257492542, -0.00978055503219366, 0.017987539991736412, 0.01465048547834158, 0.019642502069473267, 0.027266180142760277, 0.0009088726947084069, -0.007413416635245085, 0.013917961157858372, -0.03722308576107025, -0.029219578951597214, 0.007128546014428139, 0.02481086738407612, 0.036273516714572906, -0.0034998380579054356, 0.018475890159606934, 0.0019279631087556481, -0.013307523913681507, 0.010445252992212772, 0.01092682033777237, -0.021365290507674217, 0.013321089558303356, 0.0076440260745584965, -0.014447006396949291, 0.017431363463401794, 0.022979557514190674, 0.0415911003947258, 0.0035744470078498125, -0.023522168397903442, 0.01508457399904728, 0.004510450176894665, 0.05149374157190323, -0.016848057508468628, 0.017268581315875053, -0.03697890788316727, -0.01973745971918106, 0.016685275360941887, 0.0182181503623724, 0.007806809619069099, -0.028487054631114006, 0.004710537847131491, 0.006755501497536898, -0.0021704421378672123, -0.02706270106136799, -0.052796006202697754, -0.003053880063816905, 0.029707929119467735, 0.028704099357128143, -0.00839689839631319, 0.026384439319372177, 0.019289804622530937, 0.0016625926364213228, 0.006019585765898228, 0.05583462491631508, -0.0024247909896075726, -0.0381183922290802, 0.009617771953344345, 0.0010538514470681548, 0.006694457959383726, -0.0125749995931983, -0.0028181835077703, -0.020931202918291092, 0.00858002994209528, 0.03206828236579895, 0.01195099763572216, -0.032339587807655334, 1.417464090991416e-06, -0.027320440858602524, -0.011232038959860802, -0.01497605163604021, -0.008986987173557281, 0.008444377221167088, 0.016902318224310875, -0.001630375161767006, 0.026954179629683495, 0.005263322498649359, -0.025068607181310654, -0.023617124184966087, 0.0008423181134276092, 0.010920037515461445, -0.019167717546224594, 0.00010449492401676252, 0.041157010942697525, 0.0019720501732081175, 0.011449082754552364, -0.011896736919879913, 0.007365938276052475, 0.0012708957074210048, 0.006708023138344288, 0.011496561579406261, -0.028514184057712555, 0.029409492388367653, -0.0009444815223105252, -0.00988907739520073, -0.01049273181706667, -0.006972545757889748, -0.014799702912569046, 0.006148456130176783, 0.0015540705062448978, 0.01179499737918377, 0.02394269034266472, 0.024498866870999336, -0.03271941840648651, 0.030711757019162178, 0.024322519078850746, 0.003221750259399414, -0.01074368879199028, -0.0011326995445415378, 0.038064129650592804, 0.03394028916954994, -0.012825957499444485, 0.01716005988419056, 0.030983062461018562, -0.0028063140343874693, -0.021907901391386986, 0.007996723055839539, -0.03347907215356827, 0.011048907414078712, -0.01972389407455921, -0.010770820081233978, -0.027428964152932167, 0.0013522872468456626, 0.03451003134250641, -0.024295387789607048, -0.007399851456284523, -0.01368735171854496, 0.003109836718067527, -0.009570294059813023, -0.01005864329636097, 0.021053289994597435, -0.025733305141329765, -0.00575845455750823, 0.013477089814841747, -0.03323489800095558, -0.015477966517210007, 0.0036727951373904943, 0.023996952921152115, -0.006650370545685291, 0.0008376550395041704, 0.012676739133894444, 0.01412144023925066, 0.0025078782346099615, -0.013300741091370583, 0.012032389640808105, -0.014474136754870415, -0.03442864120006561, -0.08681768923997879, 0.0364091694355011, 0.014107874594628811, 0.0011818736093118787, 0.007447329815477133, 0.012866652570664883, 0.024661650881171227, -0.003720273729413748, 0.019099891185760498, -0.020157981663942337, -0.015708575025200844, -0.003260750323534012, 0.0014294396387413144, 0.007650808896869421, -0.0181910190731287, -0.013212567195296288, 0.023644255474209785, 0.021175377070903778, 0.011862823739647865, 0.013212567195296288, -0.01834023743867874, 0.016766665503382683, 0.030114885419607162, -0.0003187837137375027, -0.00164733175188303, 0.005053061060607433, -0.010268905200064182, 0.02856844663619995, -0.02094476856291294, 0.009522815234959126, 0.020863376557826996, -0.0034659248776733875, -0.001481157261878252, -0.013368567451834679, -0.005521062295883894, -0.026140263304114342, 0.0037440129090100527, -0.004544363357126713, 0.010696210898458958, 0.01290056575089693, -0.015667879953980446, -0.026804961264133453, 0.000519295281264931, -0.0055108885280787945, -0.020524244755506516, 0.0025384000036865473, -0.007345590274780989, 0.028107227757573128, -0.005215844139456749, -0.027293311432003975, -0.013829786330461502, 0.012134128250181675, -0.005921237636357546, -0.023956255987286568, 0.008512203581631184, -0.03928500413894653, 0.025896089151501656, 0.01941189356148243, -0.00523958308622241, -0.034564293920993805, 0.03852535039186478, 0.00632480438798666, 0.005694019608199596, -0.02462095394730568, 0.016915883868932724, 0.01439274474978447, -0.01100142952054739, 0.0018652237486094236, -0.004022100940346718, 0.010553775355219841, -0.004164536017924547, 0.018503019586205482, -0.030901672318577766, 0.011299865320324898, -0.013728046789765358, 0.021039724349975586, 0.02791731245815754, -0.016224056482315063, -0.02894827350974083, 0.007806809619069099, 0.01091325469315052, 0.012547869235277176, -0.03084740974009037, 0.01994093880057335, 0.011652561835944653, 0.026140263304114342, -0.02666930854320526, 0.028161488473415375, -0.01941189356148243, -0.0056363670155406, -0.0012115476420149207, 0.029680797830224037, -0.019818849861621857, 0.004785147029906511, -0.005822889506816864, 0.027157658711075783, -0.01973745971918106, -0.005463410168886185, 0.03263802453875542, 0.03133575990796089, -0.002704574493691325, -0.0011708518723025918, -0.003004705999046564, -0.013463524170219898, -0.02321016602218151, -0.01290056575089693, -0.03659908100962639, -0.010669080540537834, -0.007386286277323961, -0.013843351975083351, 0.006528283469378948, -0.005534627940505743, -0.015328748151659966, 0.01412144023925066, 0.001617657719179988, -0.0016337664565071464, 0.014189266599714756, -0.01697014458477497, -0.02650652639567852, -0.008864900097250938, 0.007901766337454319, -0.0006761436234228313, -0.008552898652851582, -0.00873603019863367, 0.00977377314120531, 0.0073388079181313515, 0.0116864750161767, -0.035269685089588165, 0.025529826059937477, 0.0008635138510726392, -0.007237068377435207, -0.006158629897981882, 0.004212014377117157, -0.030901672318577766, -0.011666127480566502, -0.00962455477565527, 0.009834816679358482, 0.016386838629841805, 0.020510679110884666, 0.048970602452754974, 0.014012917876243591, 0.008790290914475918, 0.0329364612698555, 0.03258376568555832, 0.006514717824757099, -0.012391868978738785, 0.0024298778735101223, -0.01646823063492775, -0.034075941890478134, -0.014948921278119087, -0.014948921278119087, -0.008776726201176643, -0.019303370267152786, -0.007040372118353844, 0.01272421795874834, 0.0076779392547905445, 0.008159506134688854, -0.02185364067554474, 0.013816221617162228, 0.03744012862443924, -0.017729800194501877, 0.030440451577305794, 0.009163335897028446, 0.005205669905990362, 0.0031166193075478077, 0.024715911597013474, -0.01421639695763588, 0.005521062295883894, -0.010011164471507072, 0.01526092179119587, -0.014433440752327442, -0.014406310394406319, -0.013850134797394276, 0.001496418146416545, -0.02631661295890808, -0.00667410995811224, 0.019344067201018333, 0.006630023010075092, 0.022491207346320152, -0.01855728030204773, -0.004103492479771376, -0.04069579392671585, -0.05263322591781616, 0.011496561579406261, 0.025760436430573463, -0.012764913029968739, -0.033723246306180954, -0.023142339661717415]"
